,explained_variance_ratio,cumulative_explained_variance
PC1,0.2566385316880235,0.2566385316880235
PC2,0.06636624052675737,0.32300477221478086
PC3,0.04427498143064161,0.3672797536454225
PC4,0.02134107172203404,0.3886208253674565
PC5,0.014948038549888996,0.40356886391734553
