,explained_variance_ratio,cumulative_explained_variance
PC1,0.24449674212580944,0.24449674212580944
PC2,0.06369219232434535,0.3081889344501548
PC3,0.04270058859750684,0.35088952304766163
PC4,0.02095557961195047,0.3718451026596121
PC5,0.014763912332993612,0.38660901499260575
