,explained_variance_ratio,cumulative_explained_variance
PC1,0.2566385316880232,0.2566385316880232
PC2,0.06636624052675733,0.3230047722147805
PC3,0.044274981430644525,0.36727975364542503
PC4,0.021341071938125934,0.388620825583551
PC5,0.014948040873896102,0.4035688664574471
